"","Unnamed: 0","Employee ID","Project ID","Duration","Workload","Performance","Missed deadlines","Partly â€“ Job satisfaction","Number of unplanned meetings","Number of meetings organized","Number of meetings participated","Average meeting time per day/week","Time series view of the usage of teams for the purpose of communication or documents","General leave patterns","Sick leave(s)","Audio conversation","Video of the meeting:","Communication","OfficeLaptop","Periodic employee survey feedbacks","External factors","Personality style","Mood","Personality_style_Cat","burnout","Employee_burnout",""
"0","1","fffe320039000123490320","4","8","2","3.8","13","Disagree","8","5","11.680764044171","4.4699526807387","","2","1","","","","15.969746040297","","","INFJ","Positive","5","34.769746040297","Total burnout",""
"1","2","fffe32003000360033003200","13","6","1","5","13","Strong Agree","10","3","13.900929557425","1.1915088505468","","8","4","","","","8.1099289202218","","","ENTP","Positive","3","23.109928920222","Moderate burnout",""
"2","3","fffe3700360033003500","13","6","2","5.8","11","Disagree","9","0","4.5246645176024","3.1793967632283","","2","1","","","","12.304134562686","","","INTP","Positive","8","34.104134562686","Total burnout",""
"3","4","fffe31003300320037003900","14","7","1","2.6","11","Disagree","12","8","10.236268351318","4.4290346737188","","2","1","","","","12.970959045567","","","INTJ","Positive","7","30.570959045567","Alarming burnout",""
"4","5","fffe32003400380032003900","2","7","3","6.9","12","Neither","13","4","14.914313096969","4.1813775427629","","4","2","","","","9.2065411480324","","","ENTJ","Positive","2","28.106541148032","Alarming burnout",""
"5","6","fffe31003900340031003600","5","7","2","3.6","9","Agree","9","1","2.0950110817787","1.734461698226","","2","1","","","","10.220438515375","","","INTJ","Positive","7","29.820438515375","Alarming burnout",""
"6","7","fffe3300350037003500","11","7","3","7.9","15","Disagree","8","0","6.8816218604662","3.9062170482311","","2","1","","","","15.289092870047","","","INFJ","Positive","5","38.189092870047","Total burnout",""
"7","8","fffe33003300340039003100","10","7","2","4.4","9","Agree","7","6","11.964814099269","5.0103896035606","","2","1","","","","14.794450996109","","","INTJ","Positive","7","35.194450996109","Total burnout",""
"8","9","fffe32003600320037003400","8","4","3","5.8525714285714","13","Disagree","7","8","12.406673934399","5.4337579256015","","2","1","","","","13.627481466476","","","INFJ","Positive","5","31.480052895048","Alarming burnout",""
"9","10","fffe32003200300034003700","4","6","3","5.8525714285714","9","Strong Disagree","7","8","9.5026442578954","4.8059879741635","","2","1","","","","13.629696213275","","","INTP","Positive","8","36.482267641846","Total burnout",""
"10","11","fffe31003600320030003200","5","10","2","5.3","1","Strong Disagree","6","5","10.521867179663","2.3327758038922","","4","2","","","","12.181574342405","","","INFJ","Positive","5","34.481574342405","Total burnout",""
"11","12","fffe33003100330032003700","5","7","0","1.8","13","Neither","11","8","4.9774330746093","3.5850361316372","","4","2","","","","9.5186508582549","","","ENFJ","Positive","0","18.318650858255","Moderate burnout",""
"12","13","fffe3400310035003800","7","7","2","5.8525714285714","13","Disagree","14","6","6.5062724505566","4.5650583484709","","8","4","","","","8.2349589578006","","","INFJ","Positive","5","28.087530386372","Alarming burnout",""
"13","14","fffe32003100300030003700","6","8","1","5.8525714285714","6","Agree","11","0","10.290240238039","1.3540463726411","","6","3","","","","14.696172243676","","","INTJ","Positive","7","36.548743672248","Total burnout",""
"14","15","fffe31003800330032003500","11","7","1","5.8","15","Disagree","5","7","1.0466075861919","2.1774227667747","","4","2","","","","10.608170320139","","","INTP","Positive","8","32.408170320139","Total burnout",""
"15","16","fffe33003100330036003300","6","8","3","4.7","3","Strong Agree","6","2","12.184563694394","1.2558141831361","","4","2","","","","15.010413451029","","","INTP","Positive","8","38.710413451029","Total burnout",""
"16","17","fffe31003700350033003100","4","6","1","5.9","9","Neither","11","3","3.0038181536063","0.94676105715143","","2","1","","","","8.1681352378151","","","INFJ","Positive","5","26.068135237815","Alarming burnout",""
"17","18","fffe33003200360037003000","13","8","3","6.7","12","Disagree","4","5","1.115328959099","0.84835941835191","","2","1","","","","10.247739364697","","","INFP","Positive","6","33.947739364697","Total burnout",""
"18","19","fffe31003500350030003400","2","9","2","4","2","Disagree","14","5","0.85156992102076","2.248762302302","","2","1","","","","8.1459967607205","","","INFJ","Positive","5","28.14599676072","Alarming burnout",""
"19","20","fffe31003000380035003800","10","8","3","5.8525714285714","8","Agree","14","6","5.5343021160168","2.3365194708454","","2","1","","","","12.506016343525","","","INFP","Positive","6","35.358587772096","Total burnout",""
"20","21","fffe3300350037003200","2","2","2","7.6","11","Strong Agree","5","5","5.4748259699928","0.39408212526342","","2","5","","","","12.008093724896","","","INTP","Positive","8","31.608093724896","Alarming burnout",""
"21","22","fffe31003300360039003000","5","4","1","6.3","4","Disagree","10","8","0.72542383425966","4.777711315594","","2","1","","","","13.582231233862","","","INFJ","Positive","5","29.882231233862","Alarming burnout",""
"22","23","fffe32003700370038003300","1","5","1","6.7","5","Disagree","11","3","0.17400361412476","3.3837025376105","","2","1","","","","9.5918385898377","","","ENTJ","Positive","2","24.291838589838","Moderate burnout",""
"23","24","fffe31003800390035003300","7","7","3","7.7","4","Disagree","13","7","14.159489894959","3.7876922479214","","2","1","","","","15.143616814476","","","INFP","Positive","6","38.843616814476","Total burnout",""
"24","25","fffe3700370035003600","1","5","3","5.8525714285714","0","Agree","8","1","1.7784379071712","2.0919176867548","","8","4","","","","13.653632098634","","","ENTJ","Positive","2","29.506203527206","Alarming burnout",""
"25","26","fffe3700300033003500","13","7","3","5.8","3","Agree","7","6","9.2030242881302","1.1873760537548","","2","1","","","","14.537891902966","","","INFP","Positive","6","36.337891902966","Total burnout",""
"26","27","fffe3700370038003000","7","6","2","6.6","4","Neither","14","7","0.16519340899445","4.2528402507494","","6","3","","","","12.083271202439","","","ENFP","Positive","1","27.683271202439","Alarming burnout",""
"27","28","fffe3200340036003400","6","6","2","7.4","8","Strong Agree","6","3","1.4755903080362","2.1492644862502","","8","4","","","","8.3831616674794","","","ISFP","Positive","10","33.783161667479","Total burnout",""
"28","29","fffe3600330034003600","7","7","2","6.7","12","Strong Disagree","13","1","11.517883165071","0.38297086299558","","4","2","","","","13.267277609811","","","INFP","Positive","6","34.967277609811","Total burnout",""
"29","30","fffe31003600310031003600","5","9","2","5.8525714285714","9","Neither","11","6","11.660088677299","5.6188562764018","","6","3","","","","14.330913189452","","","INFJ","Positive","5","36.183484618024","Total burnout",""
"30","31","fffe3400310034003500","2","8","1","3.6","14","Strong Agree","7","4","8.9824151210588","0.086936704305391","","6","3","","","","9.730633203237","","","INFP","Positive","6","28.330633203237","Alarming burnout",""
"31","32","fffe32003300340037003400","13","8","1","3.9","10","Neither","14","7","10.424992555484","2.2869680811824","","2","1","","","","14.803895319914","","","INFJ","Positive","5","32.703895319914","Total burnout",""
"32","33","fffe3500380031003000","5","6","0","3","13","Neither","11","8","13.915521671976","0.98823842779265","","2","1","","","","14.718786601736","","","INTP","Positive","8","31.718786601736","Alarming burnout",""
"33","34","fffe32003400340039003400","5","6","1","4.7","3","Neither","9","3","6.89021886602","2.8367692754749","","2","1","","","","12.605138041511","","","INFJ","Positive","5","29.305138041511","Alarming burnout",""
"34","35","fffe31003500310034003800","2","7","4","8.7","7","Disagree","11","0","8.3193722460792","5.6331630088966","","4","2","","","","12.312127671283","","","ENFJ","Positive","0","32.012127671283","Total burnout",""
"35","36","fffe32003700310030003800","8","7","3","4.4","15","Agree","3","2","11.318682017782","3.7572480464499","","2","1","","","","11.7686543017","","","INFJ","Positive","5","31.1686543017","Alarming burnout",""
"36","37","fffe32003800300036003300","3","7","3","5.8","5","Agree","6","3","2.6212069527833","5.1978751892752","","2","1","","","","14.119936349248","","","INTJ","Positive","7","36.919936349248","Total burnout",""
"37","38","fffe390036003000","1","9","0","3.9","15","Disagree","9","6","5.4947450854973","2.0995084918332","","2","1","","","","9.5953064933787","","","INFP","Positive","6","28.495306493379","Alarming burnout",""
"38","39","fffe32003700390039003300","8","5","3","6.6","8","Agree","11","1","5.9032359894695","0.69381919938911","","4","2","","","","15.305470926897","","","ENFP","Positive","1","30.905470926897","Alarming burnout",""
"39","40","fffe32003500390036003500","3","7","4","7.3","12","Neither","13","2","12.264624402355","1.8128000775037","","6","3","","","","11.293568889312","","","ENTJ","Positive","2","31.593568889312","Alarming burnout",""
"40","41","fffe33003400390030003300","13","8","3","5.8525714285714","15","Disagree","13","3","8.2527644475768","0.0997674788222","","6","3","","","","15.375561179692","","","ISTP","Positive","12","44.228132608264","Total burnout",""
"41","42","fffe3200350030003300","13","7","1","5.4","1","Disagree","7","1","8.087237241854","4.2561878524692","","6","3","","","","13.729757069528","","","INFJ","Positive","5","32.129757069528","Total burnout",""
"42","43","fffe3800360036003400","1","5","2","5","9","Strong Agree","13","8","12.919190487668","2.1302159696844","","6","3","","","","15.634828016026","","","INTP","Positive","8","35.634828016026","Total burnout",""
"43","44","fffe33003200380030003900","13","6","2","6","11","Agree","6","4","7.0929679165862","3.3239543318312","","6","3","","","","8.9719905531465","","","INFP","Positive","6","28.971990553147","Alarming burnout",""
"44","45","fffe31003800370038003900","3","4","3","7.5","11","Neither","14","2","3.5273877840102","0.1427468961351","","8","4","","","","8.84151389758","","","INTJ","Positive","7","30.34151389758","Alarming burnout",""
"45","46","fffe31003700330031003000","9","7","2","5.8525714285714","1","Disagree","13","6","9.2468157294522","3.9773743773062","","6","1","","","","11.301455618128","","","INTP","Positive","8","34.154027046699","Total burnout",""
"46","47","fffe31003500330034003700","2","9","4","10","9","Agree","3","5","7.6198360016605","1.1392391985498","","6","3","","","","12.089488651745","","","ENTJ","Positive","2","37.089488651745","Total burnout",""
"47","48","fffe32003300380035003700","10","5","3","5.8525714285714","10","Disagree","15","3","9.3393808870084","1.2720587194953","","2","1","","","","10.977021010841","","","INFP","Positive","6","30.829592439412","Alarming burnout",""
"48","49","fffe3500320032003000","9","6","3","7.7","0","Neither","12","0","2.3838545865898","4.6282724685719","","8","4","","","","14.208544403874","","","ISFJ","Positive","9","39.908544403874","Total burnout",""
"49","50","fffe3900300031003500","2","4","1","6","9","Neither","12","1","10.468530026784","3.9781139361388","","2","1","","","","12.409240860582","","","INTJ","Positive","7","30.409240860582","Alarming burnout",""
"50","51","fffe32003700300034003600","15","5","2","7.4","5","Neither","14","6","10.42341744158","0.55002570310458","","2","1","","","","11.923881951665","","","INTP","Positive","8","34.323881951665","Total burnout",""
"51","52","fffe31003500390030003200","7","8","2","6.4","11","Agree","15","2","5.4183498174216","1.2935519688202","","4","4","","","","15.947210598143","","","INFP","Positive","6","38.347210598143","Total burnout",""
"52","53","fffe31003500360032003800","3","7","1","5.1","1","Agree","15","1","1.0879155030398","3.0270606068579","","4","3","","","","8.964494291365","","","ISFJ","Positive","9","31.064494291365","Alarming burnout",""
"53","54","fffe31003300360038003700","11","5","1","5.6","1","Agree","6","2","0.14087966431149","4.0964331636357","","4","2","","","","15.597801643468","","","INTP","Positive","8","35.197801643468","Total burnout",""
"54","55","fffe32003100320039003700","14","7","2","7.4","8","Agree","11","5","8.8605491250104","1.1306235151034","","4","2","","","","14.050047298716","","","INFP","Positive","6","36.450047298716","Total burnout",""
"55","56","fffe31003200340033003100","15","5","3","6.1","3","Disagree","7","4","2.4113534865077","0.021554974300924","","2","1","","","","12.457478868543","","","INFP","Positive","6","32.557478868543","Total burnout",""
"56","57","fffe33003100340034003900","13","6","2","3.1","15","Agree","9","3","7.2822000496101","2.2134305915285","","2","1","","","","9.0438343763888","","","INFP","Positive","6","26.143834376389","Alarming burnout",""
"57","58","fffe32003100340032003800","3","9","2","8","5","Disagree","8","5","5.2924057801764","0.23667380135094","","2","1","","","","9.0430138415328","","","ENFJ","Positive","0","28.043013841533","Alarming burnout",""
"58","59","fffe380030003100","1","9","1","4","1","Disagree","13","2","8.6582659910984","4.0235030706257","","2","1","","","","15.055968017104","","","INTP","Positive","8","37.055968017104","Total burnout",""
"59","60","fffe3900310031003800","8","7","2","3.6","12","Disagree","4","7","14.077218365","5.3506197169222","","4","2","","","","10.573224150466","","","INTJ","Positive","7","30.173224150466","Alarming burnout",""
"60","61","fffe3200390030003200","4","6","2","8.7","2","Disagree","11","6","11.288367180019","3.2143537397319","","2","1","","","","12.053539725779","","","INFJ","Positive","5","33.753539725779","Total burnout",""
"61","62","fffe3800370031003300","10","7","3","8","8","Strong Disagree","12","2","14.802175316573","1.4798244210628","","2","1","","","","12.093638021374","","","INTP","Positive","8","38.093638021374","Total burnout",""
"62","63","fffe3300320030003200","4","2","3","6.8","2","Strong Disagree","6","3","11.212883091631","1.1437431078029","","2","1","","","","15.895640259226","","","INFP","Positive","6","33.695640259226","Total burnout",""
"63","64","fffe33003200310034003500","11","8","2","4.9","11","Disagree","5","0","11.630473560084","1.2099944331783","","2","1","","","","11.332679601376","","","INFP","Positive","6","32.232679601376","Total burnout",""
"64","65","fffe32003200310030003200","15","7","3","7.9","9","Disagree","9","7","6.2831593880156","5.4698651124473","","2","1","","","","8.7929116459786","","","ENTP","Positive","3","29.692911645979","Alarming burnout",""
"65","66","fffe3300300031003100","13","6.6395939086294","3","7.6","12","Disagree","7","3","10.221076658751","2.8229922739449","","2","1","","","","14.738949667633","","","INTP","Positive","8","39.978543576262","Total burnout",""
"66","67","fffe33003300310030003900","9","7","5","9.2","5","Strong Disagree","5","2","6.6363596235994","5.1988428350507","","4","2","","","","10.049179353391","","","ISFP","Positive","10","41.249179353391","Total burnout",""
"67","68","fffe31003200340034003500","1","7","4","6.5","2","Neither","10","6","3.7340620701094","3.1927098654411","","2","1","","","","8.1925389544372","","","ENFJ","Positive","0","25.692538954437","Moderate burnout",""
"68","69","fffe32003400320036003200","6","7","3","6.8","6","Strong Disagree","15","4","4.4065614886531","4.7863616590534","","4","2","","","","14.143996789987","","","INFJ","Positive","5","35.943996789987","Total burnout",""
"69","70","fffe3600330031003200","8","6","4","8.7","3","Strong Disagree","3","3","10.143884728477","3.4451975847602","","4","2","","","","13.737632233308","","","ENFJ","Positive","0","32.437632233308","Total burnout",""
"70","71","fffe31003300330034003700","8","6","2","6.2","11","Agree","6","1","9.0846626483546","2.8735834310404","","4","2","","","","14.890903207938","","","INFJ","Positive","5","34.090903207938","Total burnout",""
"71","72","fffe3600330032003400","12","5","3","5.8","1","Disagree","15","0","7.695556621911","1.9582675093351","","4","2","","","","11.897193566646","","","INFP","Positive","6","31.697193566646","Alarming burnout",""
"72","73","fffe3500300037003900","6","5","2","6.6","9","Neither","15","0","13.401350377418","4.2859912423446","","4","2","","","","8.0527124653978","","","ENFP","Positive","1","22.652712465398","Moderate burnout",""
"73","74","fffe33003400360037003500","6","6","4","8.2","6","Disagree","9","8","7.610821450348","1.2443443742694","","4","2","","","","15.731522770354","","","ISTP","Positive","12","45.931522770354","Total burnout",""
"74","75","fffe32003500310039003700","15","7","2","4.9","8","Neither","8","4","4.7302184502855","4.1750430294927","","2","1","","","","14.846132610252","","","INFJ","Positive","5","33.746132610252","Total burnout",""
"75","76","fffe32003600370032003500","5","6","1","4.1","12","Disagree","8","7","13.377199783804","5.7657281021911","","2","1","","","","13.898830615052","","","INTP","Positive","8","32.998830615052","Total burnout",""
"76","77","fffe3200350037003200","15","8","3","7.4","11","Strong Agree","15","1","11.910575849253","1.2386519217994","","4","2","","","","13.623656545612","","","INTJ","Positive","7","39.023656545612","Total burnout",""
"77","78","fffe3800390036003200","11","6","0","5.8525714285714","5","Disagree","3","4","14.180667944222","3.5087551399588","","9","5","","","","14.284879140703","","","INTJ","Positive","7","33.137450569275","Total burnout",""
"78","79","fffe3400390032003600","4","6","1","4.4","7","Strong Agree","10","8","5.4906002049785","2.8536878031058","","6","2","","","","8.1470350474226","","","INTJ","Positive","7","26.547035047423","Alarming burnout",""
"79","80","fffe33003300360032003700","11","7","2","6.9","0","Agree","15","3","12.129568096748","5.1822111293474","","4","3","","","","15.847910872753","","","INFP","Positive","6","37.747910872753","Total burnout",""
"80","81","fffe32003600360039003700","11","6","1","5.3","5","Strong Disagree","7","3","7.2589778240093","0.10625915609874","","2","1","","","","10.278644738985","","","INFP","Positive","6","28.578644738985","Alarming burnout",""
"81","82","fffe3200360031003700","11","6","2","4.3","0","Neither","6","4","0.25181030826807","3.6632483388063","","8","4","","","","11.549757370678","","","INFJ","Positive","5","28.849757370678","Alarming burnout",""
"82","83","fffe33003300350036003100","12","5","0","0.8","7","Strong Disagree","9","7","5.3344653072405","1.6212439210959","","2","1","","","","10.229237741109","","","ENTP","Positive","3","19.029237741109","Moderate burnout",""
"83","84","fffe31003600360039003900","8","8","2","2.9","5","Neither","4","8","12.530082737266","0.40672597786253","","2","1","","","","12.785311395152","","","ENTJ","Positive","2","27.685311395152","Alarming burnout",""
"84","85","fffe31003500340038003100","10","8","1","5","9","Disagree","9","8","7.8797004174399","0.76856476731723","","2","1","","","","10.542626859875","","","INFP","Positive","6","30.542626859875","Alarming burnout",""
"85","86","fffe32003400320034003800","6","6","1","6.9","1","Agree","3","8","14.638705244763","5.0329721435171","","2","1","","","","11.400789986966","","","INTP","Positive","8","33.300789986966","Total burnout",""
"86","87","fffe31003300310036003300","10","9","3","4.7","11","Strong Disagree","8","5","0.96088768924023","1.4570496363375","","2","1","","","","9.2868676580999","","","INFP","Positive","6","31.9868676581","Alarming burnout",""
"87","88","fffe33003100300031003200","1","5","1","2","12","Neither","3","8","11.523557202086","4.3044719259585","","2","1","","","","11.978089151287","","","ISFJ","Positive","9","28.978089151287","Alarming burnout",""
"88","89","fffe31003300310037003900","1","6","2","5.4","2","Neither","3","0","9.3325080053713","2.7660572242543","","4","2","","","","11.883267747029","","","ISTJ","Positive","11","36.283267747029","Total burnout",""
"89","90","fffe3300300036003900","6","8","2","6.1","4","Neither","11","3","9.4216294106026","4.6331932246175","","2","1","","","","12.683668473873","","","INTP","Positive","8","36.783668473873","Total burnout",""
"90","91","fffe3300360039003000","4","7","1","5.1","3","Disagree","7","6","1.9601775822579","3.56614626435","","2","1","","","","9.276098596264","","","ENTP","Positive","3","25.376098596264","Moderate burnout",""
"91","92","fffe3500340030003800","8","6.6395939086294","1","3.8","10","Agree","7","8","6.4781409071189","1.7332962696405","","4","2","","","","9.4475891449233","","","INTP","Positive","8","28.887183053553","Alarming burnout",""
"92","93","fffe3800390038003000","1","7","4","5.8525714285714","11","Disagree","8","1","2.1290461295088","0.61362035726315","","4","2","","","","9.3372498225734","","","ISFP","Positive","10","36.189821251145","Total burnout",""
"93","94","fffe31003500310038003800","13","9","3","4.7","9","Strong Disagree","8","6","11.833342158546","2.9146701144794","","4","2","","","","8.2683462220384","","","ENFJ","Positive","0","24.968346222038","Moderate burnout",""
"94","95","fffe340035003800","15","8","3","5.4","8","Disagree","3","0","9.2837237045345","4.3343758878893","","6","3","","","","8.8127209356386","","","INFJ","Positive","5","30.212720935639","Alarming burnout",""
"95","96","fffe31003700300036003800","8","7","4","9.1","11","Disagree","11","6","13.607919203387","2.4538177220719","","4","2","","","","13.175065186804","","","INFP","Positive","6","39.275065186804","Total burnout",""
"96","97","fffe32003900320033003900","7","7","1","5","12","Disagree","8","2","6.1762542677941","4.2329502087023","","4","2","","","","14.284176998217","","","INFJ","Positive","5","32.284176998217","Total burnout",""
"97","98","fffe380031003300","10","7","1","0","0","Disagree","9","5","7.2587926443682","5.8445300230269","","2","1","","","","9.371773118643","","","INTJ","Negative","7","24.371773118643","Moderate burnout",""
"98","99","fffe33003200330030003500","14","6","2","4.3","12","Agree","8","1","9.4981048267622","0.23261918316273","","2","1","","","","15.439283751948","","","INFJ","Positive","5","32.739283751948","Total burnout",""
"99","100","fffe33003300390037003700","3","7","2","6.7","3","Disagree","7","5","2.7134811704691","4.6129096456848","","2","1","","","","15.045543397306","","","ENFP","Positive","1","31.745543397306","Alarming burnout",""
"100","101","fffe31003500380034003100","2","7","2","5.7","9","Strong Disagree","12","6","2.3193058668809","4.1027461399183","","9","5","","","","9.4334097244819","","","INFP","Positive","6","30.133409724482","Alarming burnout",""
"101","102","fffe32003500370036003100","3","8","4","6.8","12","Neither","3","2","10.405986060307","1.0511036534228","","6","3","","","","13.013102108125","","","INFP","Positive","6","37.813102108125","Total burnout",""
"102","103","fffe33003200300033003500","3","7","3","7.6","10","Disagree","14","4","9.4678068641885","4.1552205322321","","4","2","","","","9.6414826043404","","","ENFP","Positive","1","28.24148260434","Alarming burnout",""
"103","104","fffe32003500370037003600","4","6","3","8.3","11","Disagree","10","0","2.0406574109877","3.8534384527119","","2","1","","","","10.164005731654","","","INFJ","Positive","5","32.464005731654","Total burnout",""
"104","105","fffe32003400380030003100","8","8","1","5.5","2","Disagree","15","8","11.119994827855","1.0808860385452","","2","1","","","","9.9282192126196","","","ISTP","Positive","12","36.42821921262","Total burnout",""
"105","106","fffe32003800330033003400","4","6","1","5.3","9","Disagree","7","0","11.993409483398","5.2791748415693","","2","1","","","","8.0419008643574","","","INFJ","Positive","5","25.341900864357","Moderate burnout",""
"106","107","fffe32003500360037003200","8","6","3","8","11","Disagree","8","6","3.8477873211942","3.7905785172128","","2","1","","","","12.13351656102","","","ISTJ","Positive","11","40.13351656102","Total burnout",""
"107","108","fffe31003700350033003000","11","7","4","6.4","15","Neither","14","8","10.759110540749","5.8048883644743","","2","1","","","","14.976100918219","","","ENFJ","Positive","0","32.376100918219","Total burnout",""
"108","109","fffe3900300032003700","1","8","1","3.6","6","Agree","9","6","4.4310055389235","4.6291445926049","","2","1","","","","9.6586452112839","","","INTP","Positive","8","30.258645211284","Alarming burnout",""
"109","110","fffe3400320031003800","8","7","2","7","7","Neither","11","6","10.182958168549","3.1953304101731","","2","1","","","","12.524818054138","","","INTJ","Positive","7","35.524818054138","Total burnout",""
"110","111","fffe3300360035003600","5","6","3","7.6","2","Strong Disagree","12","2","3.0598275521552","2.3557030198731","","2","1","","","","10.348795198928","","","ENTP","Positive","3","29.948795198928","Alarming burnout",""
"111","112","fffe31003900360033003300","6","7","2","8.7","4","Strong Agree","9","0","5.8557882307958","5.3792861610695","","4","2","","","","10.926767989303","","","INFP","Positive","6","34.626767989303","Total burnout",""
"112","113","fffe32003800300036003600","14","7","0","2.6","8","Neither","10","5","11.752533512592","4.3771035574833","","8","4","","","","13.283562424667","","","INFP","Positive","6","28.883562424667","Alarming burnout",""
"113","114","fffe31003900310039003200","11","8","2","4.7","10","Disagree","3","5","14.106184660884","2.7433484396848","","2","1","","","","9.7772488096549","","","ESTP","Positive","4","28.477248809655","Alarming burnout",""
"114","115","fffe3400390037003700","4","6","2","6.4","12","Neither","7","3","1.1519285523084","4.5597318526279","","2","1","","","","10.98222198168","","","ISTP","Positive","12","37.38222198168","Total burnout",""
"115","116","fffe31003600300039003700","13","6","2","5.8","1","Strong Disagree","4","8","2.3438674968461","2.31904292966","","4","2","","","","10.884969231675","","","ENFP","Positive","1","25.684969231675","Moderate burnout",""
"116","117","fffe33003100380034003500","10","7","1","3.3","2","Disagree","5","7","2.8598953532987","0.025048282616321","","4","2","","","","13.315786896697","","","ENTP","Positive","3","27.615786896697","Alarming burnout",""
"117","118","fffe3800380039003400","8","7","2","5.9","14","Disagree","12","7","6.5497269352397","0.24927938695818","","2","1","","","","14.92537110077","","","INTP","Positive","8","37.82537110077","Total burnout",""
"118","119","fffe31003500390038003000","13","7","2","7.8","3","Disagree","6","0","6.6429990839139","3.0880537865323","","2","1","","","","10.963894338468","","","INFJ","Positive","5","32.763894338468","Total burnout",""
"119","120","fffe3600310036003700","1","7","1","7","4","Neither","8","3","5.4329114682575","2.0792526437955","","8","4","","","","14.290279918222","","","ENFP","Positive","1","30.290279918222","Alarming burnout",""
"120","121","fffe3800390030003800","4","7","4","7.2","2","Disagree","13","4","10.388301926699","3.3482813572249","","4","2","","","","13.159614638999","","","ENTP","Positive","3","34.359614638999","Total burnout",""
"121","122","fffe3300390033003100","13","4","3","7.9","6","Agree","5","0","5.5785681336877","2.9652117392242","","4","2","","","","9.5044376296574","","","INTP","Positive","8","32.404437629657","Total burnout",""
"122","123","fffe3900330037003500","10","6","3","5.8525714285714","15","Strong Disagree","15","7","5.3054560690344","1.5623184593974","","2","1","","","","9.715383743442","","","INFJ","Positive","5","29.567955172013","Alarming burnout",""
"123","124","fffe31003400350030003200","6","10","1","5.9","4","Agree","7","2","9.8737099194849","0.92708766491393","","4","2","","","","8.044624390487","","","ISTP","Positive","12","36.944624390487","Total burnout",""
"124","125","fffe3300360038003700","10","7","1","4.4","13","Disagree","9","2","12.385842903424","3.8524198543043","","2","1","","","","10.773336009447","","","INTP","Positive","8","31.173336009447","Alarming burnout",""
"125","126","fffe32003400390034003500","8","7","2","5.2","5","Agree","8","8","11.825092658708","2.8094091661089","","9","5","","","","11.598388040099","","","INTJ","Positive","7","32.798388040099","Total burnout",""
"126","127","fffe33003100300035003600","12","8","2","5.3","5","Agree","12","6","5.0850664864866","4.0195660374637","","8","4","","","","9.8073381827357","","","ENTP","Positive","3","28.107338182736","Alarming burnout",""
"127","128","fffe31003900380032003800","13","7","3","5.8525714285714","3","Strong Agree","8","2","9.9527156333219","0.85768870124697","","2","1","","","","9.7443733752543","","","INFJ","Positive","5","30.596944803826","Alarming burnout",""
"128","129","fffe3900340036003300","1","8","4","5.8525714285714","15","Disagree","10","6","5.5035559540103","0.24123128546293","","8","4","","","","12.181325767505","","","INFJ","Positive","5","35.033897196077","Total burnout",""
"129","130","fffe31003900300036003900","13","6","4","8.9","10","Disagree","9","1","13.553077578796","0.32475048143437","","2","1","","","","10.956126216657","","","INFJ","Positive","5","34.856126216657","Total burnout",""
"130","131","fffe31003600300030003000","2","8","3","5.2","2","Neither","13","6","2.9604323325531","0.83406842574346","","2","1","","","","13.151442047687","","","ENTJ","Positive","2","31.351442047687","Alarming burnout",""
"131","132","fffe390031003100","3","9","2","4.5","0","Agree","8","1","0.21536183242589","1.2587914115514","","4","2","","","","10.065588696108","","","ISFJ","Positive","9","34.565588696108","Total burnout",""
"132","133","fffe31003300380039003700","14","8","2","6.6","13","Neither","15","5","0.056196943804788","3.5358289700759","","2","1","","","","11.920719383043","","","INFP","Positive","6","34.520719383043","Total burnout",""
"133","134","fffe32003700390032003000","2","2","3","3.8","14","Disagree","9","6","5.538512927596","2.9129731490454","","2","1","","","","9.4649824700538","","","INFJ","Positive","5","23.264982470054","Moderate burnout",""
"134","135","fffe32003000300035003100","8","4","3","7.6","7","Agree","13","7","9.9271469995739","4.2866172565081","","2","1","","","","15.653378883625","","","INTP","Positive","8","38.253378883625","Total burnout",""
"135","136","fffe33003400340033003100","2","5","1","5.8525714285714","6","Neither","3","7","6.7438124644282","1.8327631710617","","2","1","","","","13.800160949442","","","INFJ","Positive","5","30.652732378014","Alarming burnout",""
"136","137","fffe32003200360039003000","6","7","3","5.6","3","Disagree","13","8","0.26110728213134","1.3143651312739","","2","1","","","","8.0043572504006","","","INFP","Positive","6","29.604357250401","Alarming burnout",""
"137","138","fffe3900380037003500","6","5","1","5.4","12","Neither","12","1","3.5855628837495","1.4381222697045","","4","2","","","","10.982838901761","","","INTP","Positive","8","30.382838901761","Alarming burnout",""
"138","139","fffe31003300380033003700","3","7","1","4.9","13","Agree","7","7","13.396958608462","4.4518365762128","","4","2","","","","9.7884883332953","","","INFP","Positive","6","28.688488333295","Alarming burnout",""
"139","140","fffe33003000340037003600","12","6","2","7.3","1","Agree","9","3","4.9727893775332","0.79765042484108","","8","4","","","","14.450401865013","","","ISFP","Positive","10","39.750401865013","Total burnout",""
"140","141","fffe32003600370033003700","9","6","2","5.6","8","Strong Agree","9","1","9.5642927995111","5.3227860075611","","6","3","","","","10.176773301784","","","INTP","Positive","8","31.776773301784","Alarming burnout",""
"141","142","fffe3600320032003900","2","7","3","5.7","13","Disagree","6","5","4.8736367154742","4.3619478562879","","4","2","","","","12.847184845617","","","INFP","Positive","6","34.547184845617","Total burnout",""
"142","143","fffe31003100360037003000","8","9","4","7.8","11","Disagree","9","2","14.761335446618","5.4802959343159","","4","2","","","","13.745236503427","","","ENFP","Positive","1","35.545236503427","Total burnout",""
"143","144","fffe3400330035003800","10","8","4","6.7","6","Disagree","8","6","9.8988553639422","0.81599836862732","","2","1","","","","8.8064625213986","","","ENFP","Positive","1","28.506462521399","Alarming burnout",""
"144","145","fffe3600380039003200","7","8","1","6.5","7","Agree","11","4","8.0761546646224","4.000538753639","","2","1","","","","13.343936799958","","","ENTP","Positive","3","31.843936799958","Alarming burnout",""
"145","146","fffe31003700330032003400","8","6","0","1.8","9","Agree","12","6","2.8310504314002","2.4311885158534","","2","1","","","","9.445642666181","","","INFJ","Positive","5","22.245642666181","Moderate burnout",""
"146","147","fffe32003900320030003300","9","6","3","8.1","9","Neither","11","3","4.2708050409703","4.232904014388","","2","1","","","","8.5454230575831","","","INFJ","Positive","5","30.645423057583","Alarming burnout",""
"147","148","fffe32003600370036003700","13","7","2","6.9","0","Disagree","6","6","6.8911344950741","5.4374415682718","","2","5","","","","8.7421420299931","","","ENTP","Positive","3","27.642142029993","Alarming burnout",""
"148","149","fffe3500320039003100","6","7","3","6.4","13","Disagree","8","7","14.270001924146","1.2318826198097","","2","1","","","","10.272296667706","","","INFP","Positive","6","32.672296667706","Total burnout",""
"149","150","fffe33003400300034003600","10","7","3","7.2","0","Strong Agree","11","8","5.8158769341556","3.0273020117225","","2","1","","","","14.989257092936","","","INFP","Positive","6","38.189257092936","Total burnout",""
"150","151","fffe3400350037003000","14","9","2","8.6","15","Neither","8","8","14.968704847164","2.1881623931339","","2","1","","","","11.195235207666","","","INTP","Positive","8","38.795235207666","Total burnout",""
"151","152","fffe32003800370034003800","1","5","2","5.8525714285714","14","Agree","5","3","3.4697233827947","4.1049644497146","","8","4","","","","8.9910669669505","","","INFJ","Positive","5","26.843638395522","Alarming burnout",""
"152","153","fffe31003500390039003000","5","7","4","9.5","5","Agree","9","6","9.3150680314363","1.8859917998576","","2","1","","","","15.903242886852","","","ENFP","Positive","1","37.403242886852","Total burnout",""
"153","154","fffe31003300330030003000","7","8","2","6.8","9","Agree","10","1","2.9696351556377","4.4747852081148","","6","3","","","","11.232950825395","","","ENFP","Positive","1","29.032950825395","Alarming burnout",""
"154","155","fffe31003100370035003400","10","7","2","6.5","13","Neither","8","7","11.443764898521","3.0565725231489","","8","4","","","","11.845863945109","","","INTP","Positive","8","35.345863945109","Total burnout",""
"155","156","fffe3100360037003800","10","5","2","3.5","5","Agree","11","4","3.6161797023111","3.1477525687043","","4","2","","","","12.011668934744","","","ENTP","Positive","3","25.511668934744","Moderate burnout",""
"156","157","fffe3500390039003700","3","6","2","4.8","6","Disagree","13","2","11.156273651609","1.5640749644351","","6","3","","","","14.794975305598","","","INTJ","Positive","7","34.594975305598","Total burnout",""
"157","158","fffe33003400350037003000","8","4","3","7.6","5","Agree","10","7","2.3440657467182","0.32169307241695","","6","3","","","","15.378482967873","","","INTP","Positive","8","37.978482967873","Total burnout",""
"158","159","fffe3300340033003900","1","7","3","6.2","6","Strong Disagree","13","7","9.3044701322411","2.4211964544224","","2","1","","","","8.7098496716428","","","ENTP","Positive","3","27.909849671643","Alarming burnout",""
"159","160","fffe32003800380038003500","15","9","3","3.6","0","Neither","5","7","14.164510757211","4.8486714168174","","2","1","","","","13.093406698513","","","ENFP","Positive","1","29.693406698513","Alarming burnout",""
"160","161","fffe31003700380039003600","11","5","3","8","1","Disagree","8","0","1.8345059100078","5.0855028414369","","2","1","","","","15.004870965476","","","ESTP","Positive","4","35.004870965476","Total burnout",""
"161","162","fffe32003600360038003400","5","6","3","6","12","Disagree","13","0","5.3298748111456","2.7584837697705","","4","2","","","","9.7317597390291","","","INTJ","Positive","7","31.731759739029","Alarming burnout",""
"162","163","fffe31003000340032003700","8","4","1","3.8","11","Neither","7","8","12.736267129457","0.79308813302749","","2","1","","","","12.113773707815","","","INTP","Positive","8","28.913773707815","Alarming burnout",""
"163","164","fffe3300380034003600","10","5","1","2.4","6","Neither","4","1","0.62266128798859","4.7142496966337","","2","1","","","","11.765790132613","","","ENTP","Positive","3","23.165790132613","Moderate burnout",""
"164","165","fffe32003200320034003000","6","8","1","4.3","8","Strong Disagree","9","5","3.1006343512175","1.345792574773","","2","1","","","","13.595354987663","","","INFP","Positive","6","32.895354987663","Total burnout",""
"165","166","fffe31003100380033003600","2","7","1","3.7","13","Disagree","14","7","8.5562233351443","4.9628888931517","","4","2","","","","11.527563629612","","","INFJ","Positive","5","28.227563629612","Alarming burnout",""
"166","167","fffe32003800310031003100","1","5","2","5.8525714285714","9","Agree","4","5","3.7766174222513","1.1041230058151","","6","3","","","","8.5172874840537","","","INFJ","Positive","5","26.369858912625","Alarming burnout",""
"167","168","fffe31003800370033003800","13","7","2","5.6","13","Strong Agree","3","7","14.025014816078","3.6146799324486","","6","3","","","","9.5857157298061","","","INTJ","Positive","7","31.185715729806","Alarming burnout",""
"168","169","fffe32003000330031003700","11","5","0","1","4","Agree","8","7","10.242600848391","0.61289928456128","","6","3","","","","14.408701493822","","","ENFP","Positive","1","21.408701493822","Moderate burnout",""
"169","170","fffe32003500340034003400","2","6","2","7.2","3","Neither","11","0","6.3457017811486","1.5631480591698","","6","3","","","","10.929902711705","","","INTJ","Positive","7","33.129902711705","Total burnout",""
"170","171","fffe33003300310035003800","8","9","1","6.7","6","Disagree","12","7","4.3332177868872","2.5506628476672","","6","3","","","","8.6253198070637","","","INTJ","Positive","7","32.325319807064","Total burnout",""
"171","172","fffe32003400360033003800","13","9","1","5.8525714285714","4","Agree","8","8","3.2629942512661","0.054251022496108","","8","4","","","","12.421017645675","","","INTP","Positive","8","36.273589074246","Total burnout",""
"172","173","fffe31003000300032003600","1","7","3","7.5","10","Disagree","11","1","2.324109775364","0.8936647763699","","6","1","","","","10.364312697718","","","ISFJ","Positive","9","36.864312697719","Total burnout",""
"173","174","fffe31003700330032003300","12","6","3","5.8525714285714","12","Neither","14","5","11.293278503079","1.10868573964","","6","3","","","","10.278898645267","","","INTP","Positive","8","33.131470073838","Total burnout",""
"174","175","fffe3900370030003600","10","7","4","7.5","1","Agree","14","7","11.394538430171","2.5678238475275","","2","1","","","","9.8482617927957","","","ISTP","Positive","12","40.348261792796","Total burnout",""
"175","176","fffe3900360033003500","13","2","0","4","1","Agree","14","5","2.2831722691059","2.1935003534154","","8","4","","","","8.8546179365578","","","INTP","Positive","8","22.854617936558","Moderate burnout",""
"176","177","fffe31003100350037003700","14","8","1","5.3","12","Agree","14","2","6.3957599480682","2.5860114328791","","2","1","","","","12.228164662737","","","INTP","Positive","8","34.528164662737","Total burnout",""
"177","178","fffe31003400350033003700","6","7","2","7.5","15","Neither","3","0","0.020117053833809","1.592077983781","","2","1","","","","10.741916054103","","","INTP","Positive","8","35.241916054103","Total burnout",""
"178","179","fffe3100390034003700","11","6.6395939086294","1","5.8525714285714","11","Agree","10","8","5.8590151602179","0.90637311684716","","4","4","","","","13.518551380812","","","INTP","Positive","8","35.010716718012","Total burnout",""
"179","180","fffe31003700380032003400","8","7","4","7.7","13","Neither","12","2","11.552647299834","3.8111408143344","","4","3","","","","9.0454602776382","","","INFP","Positive","6","33.745460277638","Total burnout",""
"180","181","fffe31003300310035003400","12","7","0","4.4","13","Neither","3","3","10.586844649973","5.3563141121217","","4","2","","","","11.630745117566","","","ENTP","Positive","3","26.030745117566","Alarming burnout",""
"181","182","fffe33003400390035003500","10","7","2","5.8525714285714","12","Neither","14","3","11.720520611512","5.4397969215139","","4","2","","","","11.711804304208","","","INFP","Positive","6","32.56437573278","Total burnout",""
"182","183","fffe31003600300032003500","11","6","4","5.8525714285714","4","Neither","11","0","13.018484993014","3.4801738941696","","2","1","","","","8.1554570199388","","","INTP","Positive","8","32.00802844851","Total burnout",""
"183","184","fffe3700370031003700","4","6","3","6.5","12","Neither","4","1","5.252414892715","0.067153015412057","","2","1","","","","9.7968988132625","","","INTJ","Positive","7","32.296898813263","Total burnout",""
"184","185","fffe31003400340031003500","6","5","2","5.5","10","Disagree","10","4","11.056363515035","5.8331112593311","","2","1","","","","12.049203640556","","","ENTP","Positive","3","27.549203640556","Alarming burnout",""
"185","186","fffe32003300340038003400","1","5","2","5","3","Neither","15","8","14.613226968652","5.4160365465848","","2","1","","","","9.7317280632116","","","INFJ","Positive","5","26.731728063212","Alarming burnout",""
"186","187","fffe31003700310033003400","4","6","1","5.8525714285714","13","Neither","10","0","6.8207215800115","4.8370047607915","","4","2","","","","12.734225633992","","","INTJ","Positive","7","32.586797062564","Total burnout",""
"187","188","fffe32003000330033003800","8","7","4","9.2","4","Neither","9","5","9.5735816133956","4.524308086302","","2","1","","","","9.7399350052704","","","INTP","Positive","8","37.93993500527","Total burnout",""
"188","189","fffe31003400380038003100","3","6","2","5","5","Disagree","7","6","9.0263546343145","1.300080666831","","2","1","","","","8.9138229607409","","","ISTP","Positive","12","33.913822960741","Total burnout",""
"189","190","fffe3400350037003400","1","8","1","4.1","0","Strong Disagree","15","7","2.51194678542","4.8128022048393","","2","1","","","","15.569219070527","","","ISTJ","Positive","11","39.669219070527","Total burnout",""
"190","191","fffe31003000360035003700","8","6","3","5.5","6","Agree","9","0","14.250140606616","1.9766827042593","","2","1","","","","12.181160526078","","","INFP","Positive","6","32.681160526078","Total burnout",""
"191","192","fffe33003400330035003900","12","6","5","8.8","6","Agree","14","6","5.414751059017","3.3238126289023","","2","1","","","","15.075612327143","","","INTJ","Positive","7","41.875612327143","Total burnout",""
"192","193","fffe3900350033003600","3","7","2","5.5","10","Disagree","6","4","8.9926023683291","4.4272080736053","","2","1","","","","11.504075071902","","","ENFP","Positive","1","27.004075071902","Alarming burnout",""
"193","194","fffe31003000300037003800","10","6","1","5.9","4","Agree","10","3","1.5746466290029","2.845602464253","","4","2","","","","15.752382537978","","","INFP","Positive","6","34.652382537978","Total burnout",""
"194","195","fffe3900300031003000","8","6","2","4.5","13","Neither","10","6","5.7815985004331","4.5656590462489","","2","1","","","","13.827393708933","","","INTP","Positive","8","34.327393708933","Total burnout",""
"195","196","fffe33003100360037003700","7","5","3","8","9","Agree","13","6","3.3510762659529","4.1715026111838","","4","2","","","","14.010553428231","","","INTJ","Positive","7","37.010553428231","Total burnout",""
"196","197","fffe3900350039003000","6","8","2","5.8","14","Disagree","4","4","5.8212975597264","5.3040918819568","","2","2","","","","11.060771347916","","","INTJ","Positive","7","33.860771347916","Total burnout",""
"197","198","fffe31003200370030003900","2","8","1","4.4","8","Disagree","5","3","5.1636522180898","1.5412576255307","","9","2","","","","11.597668877391","","","INFP","Positive","6","30.997668877391","Alarming burnout",""
"198","199","fffe3800380035003500","1","6","2","6.1","6","Disagree","6","3","1.2413735828469","5.1437190543153","","4","2","","","","14.220329065196","","","INTP","Positive","8","36.320329065196","Total burnout",""
"199","200","fffe32003000310034003600","9","9","","5.8525714285714","2","Strong Disagree","8","5","13.884621950953","3.9905445361235","","3.6381909547739","1.8693467336683","","","","9.267464759929","","","INTP","Positive","8","45.45466","Total burnout",""
